"Project OS","Project OS"
"Allocation facultative : associez une sortie de kit OU un touret identifié à cette déclaration. Aucun matériel n’est attribué automatiquement.","Allocation facultative : associez une sortie de kit OU un touret identifié à cette déclaration. Aucun matériel n’est attribué automatiquement."
"Sortie kit associée (facultatif)","Sortie kit associée (facultatif)"
"Touret associé (facultatif)","Touret associé (facultatif)"
"Choisissez une sortie de kit OU un touret, jamais les deux.","Choisissez une sortie de kit OU un touret, jamais les deux."
"La référence choisie ne figure pas dans le contexte autorisé de ce projet et lot.","La référence choisie ne figure pas dans le contexte autorisé de ce projet et lot."
"Référence touret","Référence touret"
"Le terrain. Les preuves. Les décisions.","Le terrain. Les preuves. Les décisions."
"Pilotage","Pilotage"
"Contrôle terrain","Contrôle terrain"
"Exécution","Exécution"
"Magasin","Magasin"
"Logistique","Logistique"
"Qualité","Qualité"
"Espace métier","Espace métier"
"Projet","Projet"
"Tous les projets autorisés","Tous les projets autorisés"
"Aujourd’hui","Aujourd’hui"
"Vue portefeuille","Vue portefeuille"
"Une vision claire de chaque chantier.","Une vision claire de chaque chantier."
"L’avancement vérifié, au cœur des décisions.","L’avancement vérifié, au cœur des décisions."
"En ligne","En ligne"
"Hors ligne · brouillons","Hors ligne · brouillons"
"Chargement…","Chargement…"
"Actualiser","Actualiser"
"Dernière lecture serveur","Dernière lecture serveur"
"Brouillons terrain","Brouillons terrain"
"Synchronisation","Synchronisation"
"Synchroniser les brouillons","Synchroniser les brouillons"
"Réessayer le même brouillon","Réessayer le même brouillon"
"Voir les brouillons","Voir les brouillons"
"Brouillon enregistré sur cet appareil.","Brouillon enregistré sur cet appareil."
"Accepté par le serveur en brouillon. Aucune validation ni sortie de stock effectuée.","Accepté par le serveur en brouillon. Aucune validation ni sortie de stock effectuée."
"Brouillon local","Brouillon local"
"En attente","En attente"
"Synchronisation…","Synchronisation…"
"Synchronisé · brouillon serveur","Synchronisé · brouillon serveur"
"Rejeté · à corriger","Rejeté · à corriger"
"Conflit · à examiner","Conflit · à examiner"
"Examiner","Examiner"
"Identifiant de suivi","Identifiant de suivi"
"Tentatives","Tentatives"
"Aucun brouillon sur cet appareil pour votre compte.","Aucun brouillon sur cet appareil pour votre compte."
"Hors ligne, vos saisies restent des brouillons. L’envoi au serveur ne valide ni l’installation ni un mouvement de stock.","Hors ligne, vos saisies restent des brouillons. L’envoi au serveur ne valide ni l’installation ni un mouvement de stock."
"Connexion requise","Connexion requise"
"Reconnectez-vous avec votre compte pour ouvrir vos projets et vos brouillons. Une page hors ligne ne conserve aucune session ni donnée de pilotage.","Reconnectez-vous avec votre compte pour ouvrir vos projets et vos brouillons. Une page hors ligne ne conserve aucune session ni donnée de pilotage."
"Se connecter","Se connecter"
"Réessayer","Réessayer"
"La session a changé. Reconnectez-vous pour protéger les brouillons de chaque utilisateur.","La session a changé. Reconnectez-vous pour protéger les brouillons de chaque utilisateur."
"Votre session doit être renouvelée.","Votre session doit être renouvelée."
"Avancement vérifié","Avancement vérifié"
"Avancement planifié","Avancement planifié"
"Matériel disponible","Matériel disponible"
"Travail déclaré","Travail déclaré"
"A COMPLETER","A COMPLETER"
"Données incomplètes","Données incomplètes"
"Action prioritaire","Action prioritaire"
"Vigilance","Vigilance"
"Sous contrôle","Sous contrôle"
"Aucun projet autorisé pour votre compte.","Aucun projet autorisé pour votre compte."
"Aucune baseline approuvée disponible.","Aucune baseline approuvée disponible."
"Lots de travaux","Lots de travaux"
"Lot de travaux","Lot de travaux"
"Ouvrir le détail","Ouvrir le détail"
"Prévu","Prévu"
"Déclaré","Déclaré"
"Vérifié","Vérifié"
"Seules les quantités installées et vérifiées alimentent l’avancement officiel.","Seules les quantités installées et vérifiées alimentent l’avancement officiel."
"Points d’attention","Points d’attention"
"Aucune alerte retournée par le serveur.","Aucune alerte retournée par le serveur."
"Critique","Critique"
"Blocages","Blocages"
"Non-conformités","Non-conformités"
"Expéditions","Expéditions"
"ETA révisée","ETA révisée"
"Besoin chantier","Besoin chantier"
"Statut","Statut"
"Voir la fiche et ses preuves","Voir la fiche et ses preuves"
"Photos / preuves","Photos / preuves"
"PNG ou JPEG · 5 fichiers maximum · 5 Mo/fichier · 15 Mo au total. Les originaux sont conservés sans altération.","PNG ou JPEG · 5 fichiers maximum · 5 Mo/fichier · 15 Mo au total. Les originaux sont conservés sans altération."
"Déclarer une installation","Déclarer une installation"
"Rapport journalier","Rapport journalier"
"Demander un kit","Demander un kit"
"Retour de matériel","Retour de matériel"
"Saisir un contrôle","Saisir un contrôle"
"Nouvelle saisie terrain","Nouvelle saisie terrain"
"Une action, quelques champs, une trace fiable.","Une action, quelques champs, une trace fiable."
"1 · Terrain","1 · Terrain"
"2 · Preuves et enregistrement","2 · Preuves et enregistrement"
"Continuer","Continuer"
"Retour","Retour"
"Fermer","Fermer"
"Enregistrer brouillon","Enregistrer brouillon"
"Envoyer le brouillon au serveur","Envoyer le brouillon au serveur"
"Commentaire","Commentaire"
"Activité","Activité"
"Zone / table / circuit","Zone / table / circuit"
"Équipe","Équipe"
"Date de travail","Date de travail"
"Quantité installée déclarée","Quantité installée déclarée"
"Unité","Unité"
"Site","Site"
"Effectif","Effectif"
"Engins","Engins"
"Météo","Météo"
"Kit / version approuvée","Kit / version approuvée"
"Nombre de kits","Nombre de kits"
"Magasin source","Magasin source"
"Magasin destination","Magasin destination"
"Référence sortie kit","Référence sortie kit"
"Code article","Code article"
"Quantité retournée","Quantité retournée"
"Unité BOM","Unité BOM"
"Type de contrôle","Type de contrôle"
"Point contrôlé / référence procédure","Point contrôlé / référence procédure"
"Constat","Constat"
"Conforme","Conforme"
"Non conforme","Non conforme"
"Non applicable","Non applicable"
"Non contrôlé","Non contrôlé"
"Sélectionner…","Sélectionner…"
"Ajouter une ligne","Ajouter une ligne"
"Retirer","Retirer"
"Champ requis","Champ requis"
"Baseline","Baseline"
"Chargez le projet en ligne et sa baseline avant la saisie terrain.","Chargez le projet en ligne et sa baseline avant la saisie terrain."
"Installations à vérifier","Installations à vérifier"
"Aucune installation en attente de vérification.","Aucune installation en attente de vérification."
"Déclarant","Déclarant"
"Quantité vérifiée","Quantité vérifiée"
"Valider après contrôle","Valider après contrôle"
"Contrôlez les preuves et le terrain avant de valider. Le serveur applique la séparation des rôles.","Contrôlez les preuves et le terrain avant de valider. Le serveur applique la séparation des rôles."
"Contrôle enregistré par le serveur.","Contrôle enregistré par le serveur."
"Soumettre au contrôle","Soumettre au contrôle"
"Installation soumise à une vérification indépendante.","Installation soumise à une vérification indépendante."
"Opérations magasin","Opérations magasin"
"Réception ERPNext","Réception ERPNext"
"Sorties et réconciliations","Sorties et réconciliations"
"Tourets et longueurs","Tourets et longueurs"
"Les mouvements officiels suivent les validations et registres ERPNext.","Les mouvements officiels suivent les validations et registres ERPNext."
"Documents et révisions","Documents et révisions"
"Registre documentaire","Registre documentaire"
"Commissioning","Commissioning"
"Registre des non-conformités","Registre des non-conformités"
"Les critères techniques proviennent des procédures et plans approuvés.","Les critères techniques proviennent des procédures et plans approuvés."
"Commandes fournisseurs","Commandes fournisseurs"
"Coûts autorisés","Coûts autorisés"
"Budget","Budget"
"Engagé","Engagé"
"Prévision finale","Prévision finale"
"Devise","Devise"
"Lecture serveur indisponible. Vos brouillons locaux restent conservés.","Lecture serveur indisponible. Vos brouillons locaux restent conservés."
"Action non effectuée","Action non effectuée"
"Preuves : PNG/JPEG uniquement, 5 fichiers, 5 Mo par fichier et 15 Mo au total maximum.","Preuves : PNG/JPEG uniquement, 5 fichiers, 5 Mo par fichier et 15 Mo au total maximum."
"Le contenu de l’image ne correspond pas au format annoncé.","Le contenu de l’image ne correspond pas au format annoncé."
"La même image est présente deux fois.","La même image est présente deux fois."
"Appareil individuel requis. Verrouillez votre appareil après usage.","Appareil individuel requis. Verrouillez votre appareil après usage."
"Installer l’application","Installer l’application"
"ENVIRONNEMENT SYNTHÉTIQUE DE TEST","ENVIRONNEMENT SYNTHÉTIQUE DE TEST"
"Projets autorisés","Projets autorisés"
"Aucun élément disponible.","Aucun élément disponible."
"Total","Total"
"Actuel","Actuel"
"Les références techniques restent inchangées.","Les références techniques restent inchangées."
"Sur cet appareil uniquement","Sur cet appareil uniquement"
"Les données financières sont réservées aux rôles habilités.","Les données financières sont réservées aux rôles habilités."
"Ligne","Ligne"
"Consultez toujours le statut IFC et la révision active avant travaux.","Consultez toujours le statut IFC et la révision active avant travaux."
"Le contenu original et son UUID sont conservés. Examinez la fiche serveur avant de préparer une nouvelle saisie ; ne dupliquez pas une opération dont l’acceptation est incertaine.","Le contenu original et son UUID sont conservés. Examinez la fiche serveur avant de préparer une nouvelle saisie ; ne dupliquez pas une opération dont l’acceptation est incertaine."
"Executive Summary","Synthèse Exécutive"
"Interactive Copilot","Copilote Interactif"
"Live RAG","RAG en direct"
"Ask URANOS Copilot about blockers, progress, materials...","Interrogez le copilote sur les blocages, l'avancement, les matériaux..."
"Send","Envoyer"
"AI Executive Synthesis","Synthèse Exécutive IA"
"AI Synthesis","Synthèse IA"
"Thinking...","Réflexion en cours..."
"AI Copilot","Copilote IA"
"Live MariaDB RAG","RAG MariaDB en Direct"
"Deterministic Rule Engine","Moteur de Règles Déterministe"
"No relevant information found for this inquiry.","Aucune information pertinente trouvée pour cette demande."
"Failed to contact URANOS AI Copilot. Please check network connection.","Échec de connexion au Copilote IA URANOS. Veuillez vérifier le réseau."
"Hello! I am your URANOS Copilot. I have real-time access to the MariaDB database for project **{0}**. Ask me about active blockers, completed field progress, planned baselines, or historical resolution precedents.","Bonjour ! Je suis votre Copilote URANOS. J'ai un accès direct en temps réel à la base de données MariaDB pour le projet **{0}**. Interrogez-moi sur les blocages, l'avancement vérifié, les prévisions ou les précédents."
"Analyzing project data with Groq Llama 3.3...","Analyse des données en cours..."
"Cloud AI Groq Llama 3.3 (Live RAG)","IA Cloud Groq Llama 3.3 (RAG Direct)"
"Rule-based Fallback (Deterministic)","Repli Déterministe"
"Grounded in MariaDB Live Data","Ancré dans les données MariaDB"
"Provider:","Fournisseur :"
"Generated","Généré"
"URANOS Copilot","Copilote URANOS"
"YOU","VOUS"
"Consulting project database...","Consultation de la base de données..."
